file_name,neuron_id,spike_times,num_spikes
spike_array_horizontal_line.pkl,1,[],0
spike_array_horizontal_line.pkl,3,[],0
spike_array_horizontal_line.pkl,14,[],0
spike_array_horizontal_line.pkl,15,[],0
spike_array_horizontal_line.pkl,17,[],0
spike_array_horizontal_line.pkl,18,[],0
spike_array_horizontal_line.pkl,29,[],0
spike_array_horizontal_line.pkl,30,[],0
spike_array_horizontal_line.pkl,34,[],0
spike_array_horizontal_line.pkl,35,[],0
spike_array_horizontal_line.pkl,46,[],0
spike_array_horizontal_line.pkl,47,[],0
spike_array_horizontal_line.pkl,48,[],0
spike_array_horizontal_line.pkl,49,[],0
spike_array_horizontal_line.pkl,61,[],0
spike_array_horizontal_line.pkl,68,[],0
spike_array_horizontal_line.pkl,78,[],0
spike_array_horizontal_line.pkl,79,[],0
spike_array_horizontal_line.pkl,80,[],0
spike_array_horizontal_line.pkl,81,[],0
spike_array_horizontal_line.pkl,82,[],0
spike_array_horizontal_line.pkl,92,[],0
spike_array_horizontal_line.pkl,95,[],0
spike_array_horizontal_line.pkl,96,[],0
spike_array_horizontal_line.pkl,97,[],0
spike_array_horizontal_line.pkl,99,[],0
spike_array_horizontal_line.pkl,100,[],0
spike_array_horizontal_line.pkl,102,[],0
spike_array_horizontal_line.pkl,110,[],0
spike_array_horizontal_line.pkl,111,[],0
spike_array_horizontal_line.pkl,113,[],0
spike_array_horizontal_line.pkl,114,[],0
spike_array_horizontal_line.pkl,121,[],0
spike_array_horizontal_line.pkl,122,[],0
spike_array_horizontal_line.pkl,124,[],0
spike_array_horizontal_line.pkl,129,[],0
spike_array_horizontal_line.pkl,131,[],0
spike_array_horizontal_line.pkl,133,[],0
spike_array_horizontal_line.pkl,134,[],0
spike_array_horizontal_line.pkl,135,[],0
spike_array_horizontal_line.pkl,152,[],0
spike_array_horizontal_line.pkl,153,[],0
spike_array_horizontal_line.pkl,157,[],0
spike_array_horizontal_line.pkl,158,[],0
spike_array_horizontal_line.pkl,162,[],0
spike_array_horizontal_line.pkl,164,[],0
spike_array_horizontal_line.pkl,165,[],0
spike_array_horizontal_line.pkl,167,[],0
spike_array_horizontal_line.pkl,168,[],0
spike_array_horizontal_line.pkl,175,[],0
spike_array_horizontal_line.pkl,176,[],0
spike_array_horizontal_line.pkl,178,[],0
spike_array_horizontal_line.pkl,184,[],0
spike_array_horizontal_line.pkl,186,[],0
spike_array_horizontal_line.pkl,187,[],0
spike_array_horizontal_line.pkl,188,[],0
spike_array_horizontal_line.pkl,196,[],0
spike_array_horizontal_line.pkl,197,[],0
spike_array_horizontal_line.pkl,198,[],0
spike_array_horizontal_line.pkl,206,[],0
spike_array_horizontal_line.pkl,207,[],0
spike_array_horizontal_line.pkl,208,[],0
spike_array_horizontal_line.pkl,210,[],0
spike_array_horizontal_line.pkl,216,[],0
spike_array_horizontal_line.pkl,219,[],0
spike_array_horizontal_line.pkl,230,[],0
spike_array_horizontal_line.pkl,233,[],0
spike_array_horizontal_line.pkl,239,[],0
spike_array_horizontal_line.pkl,240,[],0
spike_array_horizontal_line.pkl,241,[],0
spike_array_horizontal_line.pkl,242,[],0
spike_array_horizontal_line.pkl,245,[],0
spike_array_horizontal_line.pkl,246,[],0
spike_array_horizontal_line.pkl,247,[],0
spike_array_horizontal_line.pkl,248,[],0
spike_array_horizontal_line.pkl,249,[],0
spike_array_horizontal_line.pkl,250,[],0
spike_array_horizontal_line.pkl,261,[],0
spike_array_horizontal_line.pkl,262,[],0
spike_array_horizontal_line.pkl,263,[],0
spike_array_horizontal_line.pkl,266,[],0
spike_array_horizontal_line.pkl,267,[],0
spike_array_horizontal_line.pkl,270,[],0
spike_array_horizontal_line.pkl,271,[],0
spike_array_horizontal_line.pkl,272,[],0
spike_array_horizontal_line.pkl,273,[],0
spike_array_horizontal_line.pkl,274,[],0
spike_array_horizontal_line.pkl,277,[],0
spike_array_horizontal_line.pkl,280,[],0
spike_array_horizontal_line.pkl,281,[],0
spike_array_horizontal_line.pkl,282,[],0
spike_array_horizontal_line.pkl,295,[],0
spike_array_horizontal_line.pkl,296,[],0
spike_array_horizontal_line.pkl,299,[],0
spike_array_horizontal_line.pkl,300,[],0
spike_array_horizontal_line.pkl,302,[],0
spike_array_horizontal_line.pkl,303,[],0
spike_array_horizontal_line.pkl,304,[],0
spike_array_horizontal_line.pkl,305,[],0
spike_array_horizontal_line.pkl,306,[],0
spike_array_horizontal_line.pkl,309,[],0
spike_array_horizontal_line.pkl,311,[],0
spike_array_horizontal_line.pkl,312,[],0
spike_array_horizontal_line.pkl,328,[],0
spike_array_horizontal_line.pkl,329,[],0
spike_array_horizontal_line.pkl,330,[],0
spike_array_horizontal_line.pkl,333,[],0
spike_array_horizontal_line.pkl,334,[],0
spike_array_horizontal_line.pkl,336,[],0
spike_array_horizontal_line.pkl,337,[],0
spike_array_horizontal_line.pkl,338,[],0
spike_array_horizontal_line.pkl,339,[],0
spike_array_horizontal_line.pkl,341,[],0
spike_array_horizontal_line.pkl,342,[],0
spike_array_horizontal_line.pkl,343,[],0
spike_array_horizontal_line.pkl,344,[],0
spike_array_horizontal_line.pkl,362,[],0
spike_array_horizontal_line.pkl,364,[],0
spike_array_horizontal_line.pkl,365,[],0
spike_array_horizontal_line.pkl,366,[],0
spike_array_horizontal_line.pkl,369,[],0
spike_array_horizontal_line.pkl,372,[],0
spike_array_horizontal_line.pkl,373,[],0
spike_array_horizontal_line.pkl,374,[],0
spike_array_horizontal_line.pkl,375,[],0
spike_array_horizontal_line.pkl,393,[],0
spike_array_horizontal_line.pkl,394,[],0
spike_array_horizontal_line.pkl,395,[],0
spike_array_horizontal_line.pkl,398,[],0
spike_array_horizontal_line.pkl,400,[],0
spike_array_horizontal_line.pkl,401,[],0
spike_array_horizontal_line.pkl,402,[],0
spike_array_horizontal_line.pkl,404,[],0
spike_array_horizontal_line.pkl,405,[],0
spike_array_horizontal_line.pkl,406,[],0
spike_array_horizontal_line.pkl,426,[],0
spike_array_horizontal_line.pkl,430,[],0
spike_array_horizontal_line.pkl,431,[],0
spike_array_horizontal_line.pkl,433,[],0
spike_array_horizontal_line.pkl,434,[],0
spike_array_horizontal_line.pkl,435,[],0
spike_array_horizontal_line.pkl,437,[],0
spike_array_horizontal_line.pkl,448,[50.715917299916725],1
spike_array_horizontal_line.pkl,449,[42.31817028531152],1
spike_array_horizontal_line.pkl,452,"[3.9463361182604855, 30.932211719641867]",2
spike_array_horizontal_line.pkl,453,[157.64720451968032],1
spike_array_horizontal_line.pkl,454,"[127.20317532360193, 159.6625951783865, 191.16426612144454]",3
spike_array_horizontal_line.pkl,457,"[41.745932642282334, 98.09360565866946, 151.93885587855797]",3
spike_array_horizontal_line.pkl,458,"[102.24364928299697, 160.53486105041858]",2
spike_array_horizontal_line.pkl,459,"[142.64106467817516, 198.8596808545118]",2
spike_array_horizontal_line.pkl,460,[145.53117456273208],1
spike_array_horizontal_line.pkl,461,[40.07499099306732],1
spike_array_horizontal_line.pkl,462,[],0
spike_array_horizontal_line.pkl,463,"[0.39278252897356153, 137.35480488224405]",2
spike_array_horizontal_line.pkl,464,[],0
spike_array_horizontal_line.pkl,465,[142.97129719091703],1
spike_array_horizontal_line.pkl,466,[5.674631776775828],1
spike_array_horizontal_line.pkl,467,[149.04159993624918],1
spike_array_horizontal_line.pkl,469,"[37.092432300878656, 39.05313464321957, 156.2371249313761]",3
spike_array_horizontal_line.pkl,470,"[29.866082921016304, 56.86435315124452, 186.3026680579096, 188.07314769507948]",4
spike_array_horizontal_line.pkl,471,"[88.79911013744608, 178.77139699319852]",2
spike_array_horizontal_line.pkl,472,[26.520274532005992],1
spike_array_horizontal_line.pkl,474,"[43.8845304393053, 86.04699458025013]",2
spike_array_horizontal_line.pkl,475,[175.66737762901508],1
spike_array_horizontal_line.pkl,476,"[35.48352614989013, 70.77517181445535, 94.39728910759959, 144.12077583410925]",4
spike_array_horizontal_line.pkl,478,"[89.1994736379037, 167.66102740883878, 198.6389041580563]",3
spike_array_horizontal_line.pkl,479,"[154.24598494926968, 166.15506503079538]",2
spike_array_horizontal_line.pkl,480,[146.61970901239266],1
spike_array_horizontal_line.pkl,482,[140.5423682196794],1
spike_array_horizontal_line.pkl,483,[11.533061012941047],1
spike_array_horizontal_line.pkl,484,"[69.33103078656474, 97.3648444636241, 161.47334374964265]",3
spike_array_horizontal_line.pkl,485,[106.63379726225293],1
spike_array_horizontal_line.pkl,486,"[24.99292708054822, 91.16297955831513]",2
spike_array_horizontal_line.pkl,487,[193.78937046333735],1
spike_array_horizontal_line.pkl,489,[103.05223423387883],1
spike_array_horizontal_line.pkl,490,"[102.85284262865969, 121.57646948692593]",2
spike_array_horizontal_line.pkl,491,[31.51524557279276],1
spike_array_horizontal_line.pkl,493,[],0
spike_array_horizontal_line.pkl,494,"[6.698892708044964, 86.3710799382742, 177.53792955044017]",3
spike_array_horizontal_line.pkl,495,"[53.23437943076376, 99.74666014872703]",2
spike_array_horizontal_line.pkl,496,"[0.969316362081828, 114.07521589141918]",2
spike_array_horizontal_line.pkl,497,"[126.69369911245545, 182.39247947763994]",2
spike_array_horizontal_line.pkl,498,[137.21846656451692],1
spike_array_horizontal_line.pkl,499,[75.55805795488025],1
spike_array_horizontal_line.pkl,500,"[52.0253957133851, 57.55771915099349]",2
spike_array_horizontal_line.pkl,501,"[106.13104975385694, 155.58027360734994]",2
spike_array_horizontal_line.pkl,503,[89.93086741049288],1
spike_array_horizontal_line.pkl,504,[112.34114713413062],1
spike_array_horizontal_line.pkl,505,"[33.83255845443493, 105.23864769349545]",2
spike_array_horizontal_line.pkl,506,"[15.645621536441196, 32.74913596793212]",2
spike_array_horizontal_line.pkl,507,"[128.4877528955158, 137.56761234546673]",2
spike_array_horizontal_line.pkl,508,[167.50007016425852],1
spike_array_horizontal_line.pkl,509,[82.15701353280309],1
spike_array_horizontal_line.pkl,511,"[163.3357912008039, 187.6414043366833]",2
spike_array_horizontal_line.pkl,512,[142.21438014233158],1
spike_array_horizontal_line.pkl,513,[118.61965358926939],1
spike_array_horizontal_line.pkl,514,[117.6736468237898],1
spike_array_horizontal_line.pkl,515,[51.9102918115992],1
spike_array_horizontal_line.pkl,516,[179.82076190359606],1
spike_array_horizontal_line.pkl,517,"[37.53328119928071, 157.56686802986232]",2
spike_array_horizontal_line.pkl,518,"[78.56640405801875, 89.25562605291731, 117.66233333456412, 169.5052304050384]",4
spike_array_horizontal_line.pkl,519,"[82.189654704766, 110.68684010147405, 198.93915169520344]",3
spike_array_horizontal_line.pkl,521,"[22.448058727136612, 90.29941855721368]",2
spike_array_horizontal_line.pkl,522,[104.06634331296556],1
spike_array_horizontal_line.pkl,523,[138.96285067000116],1
spike_array_horizontal_line.pkl,524,[15.683737367454532],1
spike_array_horizontal_line.pkl,525,[46.179685527953005],1
spike_array_horizontal_line.pkl,526,[],0
spike_array_horizontal_line.pkl,527,[139.92712712749642],1
spike_array_horizontal_line.pkl,528,[50.04954076194027],1
spike_array_horizontal_line.pkl,529,"[69.90293380194198, 88.67704228748829, 184.78144136943274]",3
spike_array_horizontal_line.pkl,530,"[126.11420948673933, 151.4286959529442]",2
spike_array_horizontal_line.pkl,531,[159.3139261450827],1
spike_array_horizontal_line.pkl,532,[80.28802962514769],1
spike_array_horizontal_line.pkl,534,[148.3872176273291],1
spike_array_horizontal_line.pkl,537,[158.26206461669],1
spike_array_horizontal_line.pkl,539,[93.61390788273383],1
spike_array_horizontal_line.pkl,540,[170.4657120497185],1
spike_array_horizontal_line.pkl,541,[60.63831687546103],1
spike_array_horizontal_line.pkl,542,"[39.16593053726676, 47.817058436370814]",2
spike_array_horizontal_line.pkl,544,"[29.4324972289924, 43.17771311903476]",2
spike_array_horizontal_line.pkl,545,"[15.67336633245063, 16.04088764742025]",2
spike_array_horizontal_line.pkl,546,[30.346024000855124],1
spike_array_horizontal_line.pkl,547,"[67.63649135859548, 142.8504781566965]",2
spike_array_horizontal_line.pkl,548,"[137.00997178426536, 151.84288050868784]",2
spike_array_horizontal_line.pkl,549,"[104.31637935881135, 192.0988280749086]",2
spike_array_horizontal_line.pkl,551,"[143.75830131944025, 169.95313546767176, 181.42206200068355]",3
spike_array_horizontal_line.pkl,553,"[70.18407715669973, 86.14070100214134]",2
spike_array_horizontal_line.pkl,554,"[97.73493880210405, 109.77286667842002]",2
spike_array_horizontal_line.pkl,555,"[8.930877858364006, 22.38265657643658, 23.88864135132498, 160.50438293566467]",4
spike_array_horizontal_line.pkl,556,[162.98723127656172],1
spike_array_horizontal_line.pkl,557,[],0
spike_array_horizontal_line.pkl,558,[166.15286077668813],1
spike_array_horizontal_line.pkl,559,[],0
spike_array_horizontal_line.pkl,560,[193.8290547944395],1
spike_array_horizontal_line.pkl,561,"[32.5876366035757, 72.36834207929407]",2
spike_array_horizontal_line.pkl,562,"[52.02825627807081, 114.06560685629475, 128.55819532312125, 135.08226935247856]",4
spike_array_horizontal_line.pkl,563,[65.82055040156938],1
spike_array_horizontal_line.pkl,564,[74.36457428404981],1
spike_array_horizontal_line.pkl,565,"[154.62463188596402, 154.95019975594613, 171.0229096703614, 182.379876701073, 199.57020837009435]",5
spike_array_horizontal_line.pkl,567,"[72.53015442402186, 92.12122303390136]",2
spike_array_horizontal_line.pkl,568,"[22.05565028580804, 92.00184838590917, 145.7736576224978, 148.97449029831512]",4
spike_array_horizontal_line.pkl,569,[83.81286649066804],1
spike_array_horizontal_line.pkl,570,"[30.47251286046376, 67.66022373501966]",2
spike_array_horizontal_line.pkl,571,"[20.424148707359755, 122.89681208864852]",2
spike_array_horizontal_line.pkl,572,[100.2432547702989],1
spike_array_horizontal_line.pkl,573,"[12.409198336531945, 165.48891112367812]",2
spike_array_horizontal_line.pkl,574,[195.56120838760427],1
spike_array_horizontal_line.pkl,577,[25.03134366156341],1
spike_array_horizontal_line.pkl,578,"[15.413504886979513, 111.61805499406698]",2
spike_array_horizontal_line.pkl,579,[21.540157598548586],1
spike_array_horizontal_line.pkl,580,[183.3986246413588],1
spike_array_horizontal_line.pkl,582,[103.6818858504715],1
spike_array_horizontal_line.pkl,583,"[104.14710299097881, 182.14896376262433]",2
spike_array_horizontal_line.pkl,584,"[12.015743497639281, 147.815656131509, 178.24116618069456]",3
spike_array_horizontal_line.pkl,585,[195.72746568334594],1
spike_array_horizontal_line.pkl,586,[178.95013766709877],1
spike_array_horizontal_line.pkl,587,"[20.666608175690957, 88.1273223674581, 97.19463959271201]",3
spike_array_horizontal_line.pkl,588,"[116.91898179024602, 136.20554815840484, 192.61849642532306, 197.25287627741886]",4
spike_array_horizontal_line.pkl,589,[],0
spike_array_horizontal_line.pkl,590,[180.10196297162315],1
spike_array_horizontal_line.pkl,591,"[28.42980416837216, 30.88326284186187]",2
spike_array_horizontal_line.pkl,592,"[33.01159621529772, 58.91121531771009, 82.38039819453635]",3
spike_array_horizontal_line.pkl,593,[129.814049178792],1
spike_array_horizontal_line.pkl,594,[31.24611023525416],1
spike_array_horizontal_line.pkl,595,[103.98394993366057],1
spike_array_horizontal_line.pkl,596,"[30.286078999804932, 99.55954811159869]",2
spike_array_horizontal_line.pkl,597,"[40.98232272287991, 90.46080123971208]",2
spike_array_horizontal_line.pkl,598,"[106.92621739025833, 116.94741218828506]",2
spike_array_horizontal_line.pkl,600,[85.23138011031726],1
spike_array_horizontal_line.pkl,601,"[13.59760479473658, 87.42343086734222]",2
spike_array_horizontal_line.pkl,602,[144.78700322832123],1
spike_array_horizontal_line.pkl,603,"[20.279422507643908, 45.52779192933553, 92.24101977323025, 96.75448520504919]",4
spike_array_horizontal_line.pkl,604,"[24.918436426626094, 61.80228762145688]",2
spike_array_horizontal_line.pkl,605,[87.29373824571572],1
spike_array_horizontal_line.pkl,606,"[13.470100231613255, 96.97307326159736]",2
spike_array_horizontal_line.pkl,607,[105.96861301279651],1
spike_array_horizontal_line.pkl,617,[],0
spike_array_horizontal_line.pkl,619,[],0
spike_array_horizontal_line.pkl,620,[],0
spike_array_horizontal_line.pkl,622,[],0
spike_array_horizontal_line.pkl,623,[],0
spike_array_horizontal_line.pkl,625,[],0
spike_array_horizontal_line.pkl,626,[],0
spike_array_horizontal_line.pkl,627,[],0
spike_array_horizontal_line.pkl,628,[],0
spike_array_horizontal_line.pkl,630,[],0
spike_array_horizontal_line.pkl,651,[],0
spike_array_horizontal_line.pkl,652,[],0
spike_array_horizontal_line.pkl,654,[],0
spike_array_horizontal_line.pkl,655,[],0
spike_array_horizontal_line.pkl,657,[],0
spike_array_horizontal_line.pkl,658,[],0
spike_array_horizontal_line.pkl,662,[],0
spike_array_horizontal_line.pkl,663,[],0
spike_array_horizontal_line.pkl,679,[],0
spike_array_horizontal_line.pkl,680,[],0
spike_array_horizontal_line.pkl,681,[],0
spike_array_horizontal_line.pkl,682,[],0
spike_array_horizontal_line.pkl,687,[],0
spike_array_horizontal_line.pkl,688,[],0
spike_array_horizontal_line.pkl,689,[],0
spike_array_horizontal_line.pkl,690,[],0
spike_array_horizontal_line.pkl,691,[],0
spike_array_horizontal_line.pkl,692,[],0
spike_array_horizontal_line.pkl,694,[],0
spike_array_horizontal_line.pkl,695,[],0
spike_array_horizontal_line.pkl,711,[],0
spike_array_horizontal_line.pkl,712,[],0
spike_array_horizontal_line.pkl,713,[],0
spike_array_horizontal_line.pkl,718,[],0
spike_array_horizontal_line.pkl,719,[],0
spike_array_horizontal_line.pkl,720,[],0
spike_array_horizontal_line.pkl,721,[],0
spike_array_horizontal_line.pkl,722,[],0
spike_array_horizontal_line.pkl,723,[],0
spike_array_horizontal_line.pkl,724,[],0
spike_array_horizontal_line.pkl,726,[],0
spike_array_horizontal_line.pkl,727,[],0
spike_array_horizontal_line.pkl,728,[],0
spike_array_horizontal_line.pkl,741,[],0
spike_array_horizontal_line.pkl,742,[],0
spike_array_horizontal_line.pkl,743,[],0
spike_array_horizontal_line.pkl,745,[],0
spike_array_horizontal_line.pkl,746,[],0
spike_array_horizontal_line.pkl,750,[],0
spike_array_horizontal_line.pkl,753,[],0
spike_array_horizontal_line.pkl,754,[],0
spike_array_horizontal_line.pkl,756,[],0
spike_array_horizontal_line.pkl,757,[],0
spike_array_horizontal_line.pkl,760,[],0
spike_array_horizontal_line.pkl,761,[],0
spike_array_horizontal_line.pkl,762,[],0
spike_array_horizontal_line.pkl,772,[],0
spike_array_horizontal_line.pkl,774,[],0
spike_array_horizontal_line.pkl,775,[],0
spike_array_horizontal_line.pkl,782,[],0
spike_array_horizontal_line.pkl,783,[],0
spike_array_horizontal_line.pkl,784,[],0
spike_array_horizontal_line.pkl,785,[],0
spike_array_horizontal_line.pkl,786,[],0
spike_array_horizontal_line.pkl,792,[],0
spike_array_horizontal_line.pkl,795,[],0
spike_array_horizontal_line.pkl,803,[],0
spike_array_horizontal_line.pkl,804,[],0
spike_array_horizontal_line.pkl,805,[],0
spike_array_horizontal_line.pkl,808,[],0
spike_array_horizontal_line.pkl,814,[],0
spike_array_horizontal_line.pkl,815,[],0
spike_array_horizontal_line.pkl,817,[],0
spike_array_horizontal_line.pkl,818,[],0
spike_array_horizontal_line.pkl,824,[],0
spike_array_horizontal_line.pkl,825,[],0
spike_array_horizontal_line.pkl,827,[],0
spike_array_horizontal_line.pkl,828,[],0
spike_array_horizontal_line.pkl,834,[],0
spike_array_horizontal_line.pkl,838,[],0
spike_array_horizontal_line.pkl,839,[],0
spike_array_horizontal_line.pkl,840,[],0
spike_array_horizontal_line.pkl,847,[],0
spike_array_horizontal_line.pkl,848,[],0
spike_array_horizontal_line.pkl,850,[],0
spike_array_horizontal_line.pkl,855,[],0
spike_array_horizontal_line.pkl,857,[],0
spike_array_horizontal_line.pkl,860,[],0
spike_array_horizontal_line.pkl,861,[],0
spike_array_horizontal_line.pkl,865,[],0
spike_array_horizontal_line.pkl,867,[],0
spike_array_horizontal_line.pkl,871,[],0
spike_array_horizontal_line.pkl,878,[],0
spike_array_horizontal_line.pkl,881,[],0
spike_array_horizontal_line.pkl,882,[],0
spike_array_horizontal_line.pkl,888,[],0
spike_array_horizontal_line.pkl,890,[],0
spike_array_horizontal_line.pkl,891,[],0
spike_array_horizontal_line.pkl,892,[],0
spike_array_horizontal_line.pkl,893,[],0
spike_array_horizontal_line.pkl,897,[],0
spike_array_horizontal_line.pkl,899,[],0
spike_array_horizontal_line.pkl,902,[],0
spike_array_horizontal_line.pkl,910,[],0
spike_array_horizontal_line.pkl,911,[],0
spike_array_horizontal_line.pkl,913,[],0
spike_array_horizontal_line.pkl,926,[],0
spike_array_horizontal_line.pkl,927,[],0
spike_array_horizontal_line.pkl,929,[],0
spike_array_horizontal_line.pkl,931,[],0
spike_array_horizontal_line.pkl,933,[],0
spike_array_horizontal_line.pkl,942,[],0
spike_array_horizontal_line.pkl,943,[],0
spike_array_horizontal_line.pkl,944,[],0
spike_array_horizontal_line.pkl,945,[],0
spike_array_horizontal_line.pkl,946,[],0
spike_array_horizontal_line.pkl,954,[],0
spike_array_horizontal_line.pkl,955,[],0
spike_array_horizontal_line.pkl,956,[],0
spike_array_horizontal_line.pkl,957,[],0
spike_array_horizontal_line.pkl,959,[],0
spike_array_horizontal_line.pkl,962,[],0
spike_array_horizontal_line.pkl,964,[],0
spike_array_horizontal_line.pkl,976,[],0
spike_array_horizontal_line.pkl,977,[],0
spike_array_horizontal_line.pkl,978,[],0
spike_array_horizontal_line.pkl,987,[],0
spike_array_horizontal_line.pkl,989,[],0
spike_array_horizontal_line.pkl,990,[],0
spike_array_horizontal_line.pkl,991,[],0
spike_array_horizontal_line.pkl,992,[],0
spike_array_horizontal_line.pkl,993,[],0
spike_array_horizontal_line.pkl,994,[],0
spike_array_horizontal_line.pkl,1006,[],0
spike_array_horizontal_line.pkl,1007,[],0
spike_array_horizontal_line.pkl,1008,[],0
spike_array_horizontal_line.pkl,1009,[],0
spike_array_horizontal_line.pkl,1010,[],0
spike_array_horizontal_line.pkl,1020,[],0
spike_array_horizontal_line.pkl,1022,[],0
spike_array_image_135.pkl,1,"[69.64989507192996, 145.71511353420175]",2
spike_array_image_135.pkl,3,"[75.87331386212647, 138.45806835751492]",2
spike_array_image_135.pkl,14,[],0
spike_array_image_135.pkl,15,[],0
spike_array_image_135.pkl,17,[],0
spike_array_image_135.pkl,18,[],0
spike_array_image_135.pkl,29,[],0
spike_array_image_135.pkl,30,[],0
spike_array_image_135.pkl,34,"[128.5656140000462, 135.06437693714741, 194.35429328177054]",3
spike_array_image_135.pkl,35,[5.37944051245713],1
spike_array_image_135.pkl,46,[],0
spike_array_image_135.pkl,47,[],0
spike_array_image_135.pkl,48,[],0
spike_array_image_135.pkl,49,[],0
spike_array_image_135.pkl,61,[],0
spike_array_image_135.pkl,68,[178.45508788998677],1
spike_array_image_135.pkl,78,[],0
spike_array_image_135.pkl,79,[],0
spike_array_image_135.pkl,80,[],0
spike_array_image_135.pkl,81,[],0
spike_array_image_135.pkl,82,[],0
spike_array_image_135.pkl,92,[],0
spike_array_image_135.pkl,95,[],0
spike_array_image_135.pkl,96,[102.21653079425303],1
spike_array_image_135.pkl,97,[109.67561104553994],1
spike_array_image_135.pkl,99,[180.25171693090357],1
spike_array_image_135.pkl,100,[136.08506085588462],1
spike_array_image_135.pkl,102,"[82.44387834645362, 158.85349739518492, 187.65133636661622]",3
spike_array_image_135.pkl,110,[],0
spike_array_image_135.pkl,111,[],0
spike_array_image_135.pkl,113,[],0
spike_array_image_135.pkl,114,[],0
spike_array_image_135.pkl,121,[],0
spike_array_image_135.pkl,122,[],0
spike_array_image_135.pkl,124,[],0
spike_array_image_135.pkl,129,[40.65505695458372],1
spike_array_image_135.pkl,131,[189.8854668862346],1
spike_array_image_135.pkl,133,"[75.75756389988871, 84.69335111309081]",2
spike_array_image_135.pkl,134,[50.741059037489634],1
spike_array_image_135.pkl,135,[63.8813221407227],1
spike_array_image_135.pkl,152,[],0
spike_array_image_135.pkl,153,[],0
spike_array_image_135.pkl,157,[],0
spike_array_image_135.pkl,158,[],0
spike_array_image_135.pkl,162,"[70.94880973188098, 95.84677969337712]",2
spike_array_image_135.pkl,164,"[79.6420251285766, 168.89776290776155]",2
spike_array_image_135.pkl,165,[169.515240859535],1
spike_array_image_135.pkl,167,"[39.16352539072826, 189.38967448137237]",2
spike_array_image_135.pkl,168,[94.26261726480651],1
spike_array_image_135.pkl,175,[],0
spike_array_image_135.pkl,176,[],0
spike_array_image_135.pkl,178,[],0
spike_array_image_135.pkl,184,[],0
spike_array_image_135.pkl,186,[],0
spike_array_image_135.pkl,187,[],0
spike_array_image_135.pkl,188,[],0
spike_array_image_135.pkl,196,[57.2223997834634],1
spike_array_image_135.pkl,197,"[101.73236687491288, 185.45203232362775]",2
spike_array_image_135.pkl,198,[21.925905881108235],1
spike_array_image_135.pkl,206,[],0
spike_array_image_135.pkl,207,[],0
spike_array_image_135.pkl,208,[],0
spike_array_image_135.pkl,210,[],0
spike_array_image_135.pkl,216,[],0
spike_array_image_135.pkl,219,[],0
spike_array_image_135.pkl,230,[45.16355597466811],1
spike_array_image_135.pkl,233,"[126.82326718350859, 145.27834599039375]",2
spike_array_image_135.pkl,239,[],0
spike_array_image_135.pkl,240,[],0
spike_array_image_135.pkl,241,[],0
spike_array_image_135.pkl,242,[],0
spike_array_image_135.pkl,245,[],0
spike_array_image_135.pkl,246,[],0
spike_array_image_135.pkl,247,[],0
spike_array_image_135.pkl,248,[],0
spike_array_image_135.pkl,249,[],0
spike_array_image_135.pkl,250,[],0
spike_array_image_135.pkl,261,"[3.773723443944398, 8.343763537802802, 33.38861614184161]",3
spike_array_image_135.pkl,262,[178.11672366711304],1
spike_array_image_135.pkl,263,[8.352886618197324],1
spike_array_image_135.pkl,266,[11.344456239479952],1
spike_array_image_135.pkl,267,"[54.67648383705816, 66.53577127759905]",2
spike_array_image_135.pkl,270,[],0
spike_array_image_135.pkl,271,[],0
spike_array_image_135.pkl,272,[],0
spike_array_image_135.pkl,273,[],0
spike_array_image_135.pkl,274,[],0
spike_array_image_135.pkl,277,[],0
spike_array_image_135.pkl,280,[],0
spike_array_image_135.pkl,281,[],0
spike_array_image_135.pkl,282,[],0
spike_array_image_135.pkl,295,"[128.37253998196715, 129.5436993498602]",2
spike_array_image_135.pkl,296,[181.21460867797973],1
spike_array_image_135.pkl,299,[135.58852028766117],1
spike_array_image_135.pkl,300,[160.41902127040882],1
spike_array_image_135.pkl,302,[],0
spike_array_image_135.pkl,303,[],0
spike_array_image_135.pkl,304,[],0
spike_array_image_135.pkl,305,[],0
spike_array_image_135.pkl,306,[],0
spike_array_image_135.pkl,309,[],0
spike_array_image_135.pkl,311,[],0
spike_array_image_135.pkl,312,[],0
spike_array_image_135.pkl,328,[108.42206777122384],1
spike_array_image_135.pkl,329,[6.176662257866155],1
spike_array_image_135.pkl,330,[179.6661928795884],1
spike_array_image_135.pkl,333,[3.103627027724542],1
spike_array_image_135.pkl,334,[],0
spike_array_image_135.pkl,336,[],0
spike_array_image_135.pkl,337,[],0
spike_array_image_135.pkl,338,[],0
spike_array_image_135.pkl,339,[],0
spike_array_image_135.pkl,341,[],0
spike_array_image_135.pkl,342,[],0
spike_array_image_135.pkl,343,[],0
spike_array_image_135.pkl,344,[],0
spike_array_image_135.pkl,362,[123.60458962396712],1
spike_array_image_135.pkl,364,"[42.233470611229855, 70.64263259524881, 163.4228169973535]",3
spike_array_image_135.pkl,365,[148.8957728647451],1
spike_array_image_135.pkl,366,"[94.05660418278752, 94.6828653027002]",2
spike_array_image_135.pkl,369,[],0
spike_array_image_135.pkl,372,[],0
spike_array_image_135.pkl,373,[],0
spike_array_image_135.pkl,374,[],0
spike_array_image_135.pkl,375,[],0
spike_array_image_135.pkl,393,[2.2056701181512306],1
spike_array_image_135.pkl,394,[69.07773360026755],1
spike_array_image_135.pkl,395,"[108.51769545803828, 176.11611133385202]",2
spike_array_image_135.pkl,398,[],0
spike_array_image_135.pkl,400,[],0
spike_array_image_135.pkl,401,[],0
spike_array_image_135.pkl,402,[],0
spike_array_image_135.pkl,404,[],0
spike_array_image_135.pkl,405,[],0
spike_array_image_135.pkl,406,[],0
spike_array_image_135.pkl,426,"[49.76614219716827, 151.82118171026613]",2
spike_array_image_135.pkl,430,"[87.79815794943252, 111.63233519361938]",2
spike_array_image_135.pkl,431,[],0
spike_array_image_135.pkl,433,[],0
spike_array_image_135.pkl,434,[],0
spike_array_image_135.pkl,435,[],0
spike_array_image_135.pkl,437,[],0
spike_array_image_135.pkl,448,[],0
spike_array_image_135.pkl,449,[],0
spike_array_image_135.pkl,452,[],0
spike_array_image_135.pkl,453,[],0
spike_array_image_135.pkl,454,[],0
spike_array_image_135.pkl,457,[],0
spike_array_image_135.pkl,458,[],0
spike_array_image_135.pkl,459,[],0
spike_array_image_135.pkl,460,[],0
spike_array_image_135.pkl,461,[36.177035606214616],1
spike_array_image_135.pkl,462,[],0
spike_array_image_135.pkl,463,[],0
spike_array_image_135.pkl,464,"[8.111903960825499, 136.04863110553575]",2
spike_array_image_135.pkl,465,"[76.17371575504308, 82.51486933995815]",2
spike_array_image_135.pkl,466,[],0
spike_array_image_135.pkl,467,[],0
spike_array_image_135.pkl,469,[],0
spike_array_image_135.pkl,470,[],0
spike_array_image_135.pkl,471,[],0
spike_array_image_135.pkl,472,[],0
spike_array_image_135.pkl,474,[],0
spike_array_image_135.pkl,475,[],0
spike_array_image_135.pkl,476,[],0
spike_array_image_135.pkl,478,[],0
spike_array_image_135.pkl,479,[],0
spike_array_image_135.pkl,480,[],0
spike_array_image_135.pkl,482,[],0
spike_array_image_135.pkl,483,[],0
spike_array_image_135.pkl,484,[],0
spike_array_image_135.pkl,485,[],0
spike_array_image_135.pkl,486,[],0
spike_array_image_135.pkl,487,[],0
spike_array_image_135.pkl,489,[],0
spike_array_image_135.pkl,490,[],0
spike_array_image_135.pkl,491,[],0
spike_array_image_135.pkl,493,"[94.73481873755811, 163.1761783123037]",2
spike_array_image_135.pkl,494,[],0
spike_array_image_135.pkl,495,"[9.643568435319002, 156.92171583295678]",2
spike_array_image_135.pkl,496,[],0
spike_array_image_135.pkl,497,[38.88086127548863],1
spike_array_image_135.pkl,498,"[8.64017320355205, 149.61596732350716]",2
spike_array_image_135.pkl,499,[],0
spike_array_image_135.pkl,500,[],0
spike_array_image_135.pkl,501,[],0
spike_array_image_135.pkl,503,[],0
spike_array_image_135.pkl,504,[],0
spike_array_image_135.pkl,505,[],0
spike_array_image_135.pkl,506,[],0
spike_array_image_135.pkl,507,[],0
spike_array_image_135.pkl,508,[],0
spike_array_image_135.pkl,509,[],0
spike_array_image_135.pkl,511,[],0
spike_array_image_135.pkl,512,[],0
spike_array_image_135.pkl,513,[],0
spike_array_image_135.pkl,514,[],0
spike_array_image_135.pkl,515,[],0
spike_array_image_135.pkl,516,[],0
spike_array_image_135.pkl,517,[],0
spike_array_image_135.pkl,518,[],0
spike_array_image_135.pkl,519,[],0
spike_array_image_135.pkl,521,[],0
spike_array_image_135.pkl,522,[],0
spike_array_image_135.pkl,523,[],0
spike_array_image_135.pkl,524,[],0
spike_array_image_135.pkl,525,"[66.94433877111284, 124.95091036205824, 177.1014297174484]",3
spike_array_image_135.pkl,526,"[108.05326807286845, 193.05507320446486, 198.38660192924283]",3
spike_array_image_135.pkl,527,[],0
spike_array_image_135.pkl,528,[180.80737153746276],1
spike_array_image_135.pkl,529,"[5.50033602140509, 53.907460511078376]",2
spike_array_image_135.pkl,530,[77.47272221770648],1
spike_array_image_135.pkl,531,[],0
spike_array_image_135.pkl,532,[],0
spike_array_image_135.pkl,534,[],0
spike_array_image_135.pkl,537,[],0
spike_array_image_135.pkl,539,[],0
spike_array_image_135.pkl,540,[],0
spike_array_image_135.pkl,541,[],0
spike_array_image_135.pkl,542,[],0
spike_array_image_135.pkl,544,[],0
spike_array_image_135.pkl,545,[],0
spike_array_image_135.pkl,546,[],0
spike_array_image_135.pkl,547,[],0
spike_array_image_135.pkl,548,[],0
spike_array_image_135.pkl,549,[],0
spike_array_image_135.pkl,551,[],0
spike_array_image_135.pkl,553,[],0
spike_array_image_135.pkl,554,[],0
spike_array_image_135.pkl,555,[],0
spike_array_image_135.pkl,556,[],0
spike_array_image_135.pkl,557,[],0
spike_array_image_135.pkl,558,[],0
spike_array_image_135.pkl,559,[79.361119590427],1
spike_array_image_135.pkl,560,[162.1151249031569],1
spike_array_image_135.pkl,561,[],0
spike_array_image_135.pkl,562,[1.1558029782458008],1
spike_array_image_135.pkl,563,[170.5067119520036],1
spike_array_image_135.pkl,564,[49.92470053059268],1
spike_array_image_135.pkl,565,[],0
spike_array_image_135.pkl,567,[],0
spike_array_image_135.pkl,568,[],0
spike_array_image_135.pkl,569,[],0
spike_array_image_135.pkl,570,[],0
spike_array_image_135.pkl,571,[],0
spike_array_image_135.pkl,572,[],0
spike_array_image_135.pkl,573,[],0
spike_array_image_135.pkl,574,[],0
spike_array_image_135.pkl,577,[],0
spike_array_image_135.pkl,578,[],0
spike_array_image_135.pkl,579,[],0
spike_array_image_135.pkl,580,[],0
spike_array_image_135.pkl,582,[],0
spike_array_image_135.pkl,583,[],0
spike_array_image_135.pkl,584,[],0
spike_array_image_135.pkl,585,[],0
spike_array_image_135.pkl,586,[],0
spike_array_image_135.pkl,587,[],0
spike_array_image_135.pkl,588,[],0
spike_array_image_135.pkl,589,[],0
spike_array_image_135.pkl,590,[],0
spike_array_image_135.pkl,591,"[16.776273554306215, 93.13333796442785, 183.1431101920208, 189.00057982088032]",4
spike_array_image_135.pkl,592,"[149.64654000136775, 168.50322756313287]",2
spike_array_image_135.pkl,593,[],0
spike_array_image_135.pkl,594,[111.38431441870311],1
spike_array_image_135.pkl,595,[],0
spike_array_image_135.pkl,596,[],0
spike_array_image_135.pkl,597,[],0
spike_array_image_135.pkl,598,[],0
spike_array_image_135.pkl,600,[],0
spike_array_image_135.pkl,601,[],0
spike_array_image_135.pkl,602,[],0
spike_array_image_135.pkl,603,[],0
spike_array_image_135.pkl,604,[],0
spike_array_image_135.pkl,605,[],0
spike_array_image_135.pkl,606,[],0
spike_array_image_135.pkl,607,[],0
spike_array_image_135.pkl,617,[],0
spike_array_image_135.pkl,619,[],0
spike_array_image_135.pkl,620,[],0
spike_array_image_135.pkl,622,[],0
spike_array_image_135.pkl,623,[],0
spike_array_image_135.pkl,625,[125.69914634977614],1
spike_array_image_135.pkl,626,[],0
spike_array_image_135.pkl,627,"[30.618925424858347, 79.11149337314413, 151.73302765971897]",3
spike_array_image_135.pkl,628,[55.8726029891228],1
spike_array_image_135.pkl,630,"[85.93752116607749, 169.54952608177567]",2
spike_array_image_135.pkl,651,[],0
spike_array_image_135.pkl,652,[],0
spike_array_image_135.pkl,654,[],0
spike_array_image_135.pkl,655,[],0
spike_array_image_135.pkl,657,[],0
spike_array_image_135.pkl,658,[37.14003022451403],1
spike_array_image_135.pkl,662,[149.46674454010733],1
spike_array_image_135.pkl,663,[145.64780893945724],1
spike_array_image_135.pkl,679,[],0
spike_array_image_135.pkl,680,[],0
spike_array_image_135.pkl,681,[],0
spike_array_image_135.pkl,682,[],0
spike_array_image_135.pkl,687,[],0
spike_array_image_135.pkl,688,[],0
spike_array_image_135.pkl,689,[],0
spike_array_image_135.pkl,690,[57.495744808287796],1
spike_array_image_135.pkl,691,[125.53761843534761],1
spike_array_image_135.pkl,692,[150.07724747434304],1
spike_array_image_135.pkl,694,[16.64005431331995],1
spike_array_image_135.pkl,695,[24.71127365320526],1
spike_array_image_135.pkl,711,[],0
spike_array_image_135.pkl,712,[],0
spike_array_image_135.pkl,713,[],0
spike_array_image_135.pkl,718,[],0
spike_array_image_135.pkl,719,[],0
spike_array_image_135.pkl,720,[],0
spike_array_image_135.pkl,721,[],0
spike_array_image_135.pkl,722,[],0
spike_array_image_135.pkl,723,"[69.22768869036182, 103.52482027461143]",2
spike_array_image_135.pkl,724,[29.569103975964673],1
spike_array_image_135.pkl,726,[174.80005901314905],1
spike_array_image_135.pkl,727,[84.44507309257905],1
spike_array_image_135.pkl,728,[64.69378508866433],1
spike_array_image_135.pkl,741,[],0
spike_array_image_135.pkl,742,[],0
spike_array_image_135.pkl,743,[],0
spike_array_image_135.pkl,745,[],0
spike_array_image_135.pkl,746,[],0
spike_array_image_135.pkl,750,[],0
spike_array_image_135.pkl,753,[],0
spike_array_image_135.pkl,754,[],0
spike_array_image_135.pkl,756,[121.75279401909752],1
spike_array_image_135.pkl,757,"[60.93695112788535, 127.00739821446672]",2
spike_array_image_135.pkl,760,[143.92693114898233],1
spike_array_image_135.pkl,761,"[12.464241658609357, 120.31362294048554, 135.9788600569168]",3
spike_array_image_135.pkl,762,"[6.070707906020432, 40.56847744320103, 147.54399074348788, 154.57265021910226]",4
spike_array_image_135.pkl,772,[],0
spike_array_image_135.pkl,774,[],0
spike_array_image_135.pkl,775,[],0
spike_array_image_135.pkl,782,[],0
spike_array_image_135.pkl,783,[],0
spike_array_image_135.pkl,784,[],0
spike_array_image_135.pkl,785,[],0
spike_array_image_135.pkl,786,[],0
spike_array_image_135.pkl,792,[188.47978550007198],1
spike_array_image_135.pkl,795,[146.41310544248503],1
spike_array_image_135.pkl,803,[],0
spike_array_image_135.pkl,804,[],0
spike_array_image_135.pkl,805,[],0
spike_array_image_135.pkl,808,[],0
spike_array_image_135.pkl,814,[],0
spike_array_image_135.pkl,815,[],0
spike_array_image_135.pkl,817,[],0
spike_array_image_135.pkl,818,[],0
spike_array_image_135.pkl,824,[82.74316449967877],1
spike_array_image_135.pkl,825,[29.73223262946602],1
spike_array_image_135.pkl,827,"[110.28516246410655, 147.2930692932906]",2
spike_array_image_135.pkl,828,"[75.45973913318213, 89.90567402935446, 90.8105286179943]",3
spike_array_image_135.pkl,834,[],0
spike_array_image_135.pkl,838,[],0
spike_array_image_135.pkl,839,[],0
spike_array_image_135.pkl,840,[],0
spike_array_image_135.pkl,847,[],0
spike_array_image_135.pkl,848,[],0
spike_array_image_135.pkl,850,[],0
spike_array_image_135.pkl,855,[10.746835139889114],1
spike_array_image_135.pkl,857,[17.768514798688688],1
spike_array_image_135.pkl,860,"[34.165433124077516, 189.54486715026204]",2
spike_array_image_135.pkl,861,[86.07302837862025],1
spike_array_image_135.pkl,865,[],0
spike_array_image_135.pkl,867,[],0
spike_array_image_135.pkl,871,[],0
spike_array_image_135.pkl,878,[],0
spike_array_image_135.pkl,881,[],0
spike_array_image_135.pkl,882,[],0
spike_array_image_135.pkl,888,"[26.808535972063282, 73.82613077727345, 75.68181489763015]",3
spike_array_image_135.pkl,890,"[20.759302283448672, 60.045465362933115, 83.97318676939533, 95.66937633165332]",4
spike_array_image_135.pkl,891,[33.48204400146281],1
spike_array_image_135.pkl,892,"[83.09807850817134, 170.64209651057456]",2
spike_array_image_135.pkl,893,[199.19794990010817],1
spike_array_image_135.pkl,897,[],0
spike_array_image_135.pkl,899,[],0
spike_array_image_135.pkl,902,[],0
spike_array_image_135.pkl,910,[],0
spike_array_image_135.pkl,911,[],0
spike_array_image_135.pkl,913,[],0
spike_array_image_135.pkl,926,[83.30106219639126],1
spike_array_image_135.pkl,927,"[113.04304196436831, 118.5968152859234]",2
spike_array_image_135.pkl,929,[],0
spike_array_image_135.pkl,931,[],0
spike_array_image_135.pkl,933,[],0
spike_array_image_135.pkl,942,[],0
spike_array_image_135.pkl,943,[],0
spike_array_image_135.pkl,944,[],0
spike_array_image_135.pkl,945,[],0
spike_array_image_135.pkl,946,[],0
spike_array_image_135.pkl,954,[6.124905527897442],1
spike_array_image_135.pkl,955,"[11.88839642826282, 195.23223833794333, 198.4203367212012]",3
spike_array_image_135.pkl,956,[71.53154153098217],1
spike_array_image_135.pkl,957,[44.72793916589073],1
spike_array_image_135.pkl,959,[195.17768986186599],1
spike_array_image_135.pkl,962,[],0
spike_array_image_135.pkl,964,[],0
spike_array_image_135.pkl,976,[],0
spike_array_image_135.pkl,977,[],0
spike_array_image_135.pkl,978,[],0
spike_array_image_135.pkl,987,[15.267513326195454],1
spike_array_image_135.pkl,989,[112.05630391612081],1
spike_array_image_135.pkl,990,[68.77984997397732],1
spike_array_image_135.pkl,991,"[60.25679590126492, 157.56991233810734]",2
spike_array_image_135.pkl,992,[],0
spike_array_image_135.pkl,993,[],0
spike_array_image_135.pkl,994,[],0
spike_array_image_135.pkl,1006,[],0
spike_array_image_135.pkl,1007,[],0
spike_array_image_135.pkl,1008,[],0
spike_array_image_135.pkl,1009,[],0
spike_array_image_135.pkl,1010,[],0
spike_array_image_135.pkl,1020,[46.44937928834018],1
spike_array_image_135.pkl,1022,[144.09574650230988],1
spike_array_image_45.pkl,1,[],0
spike_array_image_45.pkl,3,[],0
spike_array_image_45.pkl,14,[],0
spike_array_image_45.pkl,15,[],0
spike_array_image_45.pkl,17,[],0
spike_array_image_45.pkl,18,[],0
spike_array_image_45.pkl,29,"[15.153571998989982, 83.77079406679917, 161.62973121667892]",3
spike_array_image_45.pkl,30,[41.53187045804588],1
spike_array_image_45.pkl,34,[],0
spike_array_image_45.pkl,35,[],0
spike_array_image_45.pkl,46,[],0
spike_array_image_45.pkl,47,[],0
spike_array_image_45.pkl,48,[],0
spike_array_image_45.pkl,49,[],0
spike_array_image_45.pkl,61,[95.19004266085119],1
spike_array_image_45.pkl,68,[],0
spike_array_image_45.pkl,78,[],0
spike_array_image_45.pkl,79,[],0
spike_array_image_45.pkl,80,[],0
spike_array_image_45.pkl,81,[],0
spike_array_image_45.pkl,82,[],0
spike_array_image_45.pkl,92,[17.92211972359953],1
spike_array_image_45.pkl,95,[116.06359516458954],1
spike_array_image_45.pkl,96,[],0
spike_array_image_45.pkl,97,[],0
spike_array_image_45.pkl,99,[],0
spike_array_image_45.pkl,100,[],0
spike_array_image_45.pkl,102,[],0
spike_array_image_45.pkl,110,[],0
spike_array_image_45.pkl,111,[],0
spike_array_image_45.pkl,113,[],0
spike_array_image_45.pkl,114,[],0
spike_array_image_45.pkl,121,[88.03328037969897],1
spike_array_image_45.pkl,122,[76.46061664026517],1
spike_array_image_45.pkl,124,"[124.82609724767352, 131.4949796390343]",2
spike_array_image_45.pkl,129,[],0
spike_array_image_45.pkl,131,[],0
spike_array_image_45.pkl,133,[],0
spike_array_image_45.pkl,134,[],0
spike_array_image_45.pkl,135,[],0
spike_array_image_45.pkl,152,[47.231878143308165],1
spike_array_image_45.pkl,153,[125.7029997051708],1
spike_array_image_45.pkl,157,"[30.103184669515123, 75.27008054966572, 80.35690172361396]",3
spike_array_image_45.pkl,158,[59.56047005996051],1
spike_array_image_45.pkl,162,[],0
spike_array_image_45.pkl,164,[],0
spike_array_image_45.pkl,165,[],0
spike_array_image_45.pkl,167,[],0
spike_array_image_45.pkl,168,[],0
spike_array_image_45.pkl,175,[],0
spike_array_image_45.pkl,176,[],0
spike_array_image_45.pkl,178,[],0
spike_array_image_45.pkl,184,[145.72626892830868],1
spike_array_image_45.pkl,186,[72.36931417997363],1
spike_array_image_45.pkl,187,"[39.810849264276946, 68.18385346817657]",2
spike_array_image_45.pkl,188,"[85.41176421809888, 134.68082111116775]",2
spike_array_image_45.pkl,196,[],0
spike_array_image_45.pkl,197,[],0
spike_array_image_45.pkl,198,[],0
spike_array_image_45.pkl,206,[],0
spike_array_image_45.pkl,207,[],0
spike_array_image_45.pkl,208,[],0
spike_array_image_45.pkl,210,[],0
spike_array_image_45.pkl,216,[193.02208878539872],1
spike_array_image_45.pkl,219,"[67.77401556585731, 99.80411377327079, 198.6549611883662]",3
spike_array_image_45.pkl,230,[],0
spike_array_image_45.pkl,233,[],0
spike_array_image_45.pkl,239,[],0
spike_array_image_45.pkl,240,[],0
spike_array_image_45.pkl,241,[],0
spike_array_image_45.pkl,242,[],0
spike_array_image_45.pkl,245,[124.39793458712091],1
spike_array_image_45.pkl,246,[109.88362809772201],1
spike_array_image_45.pkl,247,"[35.03258347987456, 134.34335248258665, 185.91571227512418]",3
spike_array_image_45.pkl,248,[109.93490362027799],1
spike_array_image_45.pkl,249,[111.17763501651186],1
spike_array_image_45.pkl,250,[46.267251760397905],1
spike_array_image_45.pkl,261,[],0
spike_array_image_45.pkl,262,[],0
spike_array_image_45.pkl,263,[],0
spike_array_image_45.pkl,266,[],0
spike_array_image_45.pkl,267,[],0
spike_array_image_45.pkl,270,[],0
spike_array_image_45.pkl,271,[],0
spike_array_image_45.pkl,272,[],0
spike_array_image_45.pkl,273,[],0
spike_array_image_45.pkl,274,[],0
spike_array_image_45.pkl,277,[119.83371066088756],1
spike_array_image_45.pkl,280,[120.8213602280496],1
spike_array_image_45.pkl,281,"[38.96409084060758, 122.9830031715276, 184.20284693330672]",3
spike_array_image_45.pkl,282,[195.28635087475254],1
spike_array_image_45.pkl,295,[],0
spike_array_image_45.pkl,296,[],0
spike_array_image_45.pkl,299,[],0
spike_array_image_45.pkl,300,[],0
spike_array_image_45.pkl,302,[],0
spike_array_image_45.pkl,303,[],0
spike_array_image_45.pkl,304,[],0
spike_array_image_45.pkl,305,[],0
spike_array_image_45.pkl,306,[],0
spike_array_image_45.pkl,309,[63.23831347792032],1
spike_array_image_45.pkl,311,[171.23460026392544],1
spike_array_image_45.pkl,312,[46.116341772449715],1
spike_array_image_45.pkl,328,[],0
spike_array_image_45.pkl,329,[],0
spike_array_image_45.pkl,330,[],0
spike_array_image_45.pkl,333,[],0
spike_array_image_45.pkl,334,[],0
spike_array_image_45.pkl,336,[],0
spike_array_image_45.pkl,337,[],0
spike_array_image_45.pkl,338,[],0
spike_array_image_45.pkl,339,[16.947794427444556],1
spike_array_image_45.pkl,341,"[58.14325895114587, 95.97420288373254, 101.71333877738547, 194.56897662450257]",4
spike_array_image_45.pkl,342,[74.13279351852418],1
spike_array_image_45.pkl,343,[193.45518930847146],1
spike_array_image_45.pkl,344,[18.702972698047162],1
spike_array_image_45.pkl,362,[],0
spike_array_image_45.pkl,364,[],0
spike_array_image_45.pkl,365,[],0
spike_array_image_45.pkl,366,[],0
spike_array_image_45.pkl,369,[75.83779355885967],1
spike_array_image_45.pkl,372,[129.45957438244386],1
spike_array_image_45.pkl,373,[37.40939062226383],1
spike_array_image_45.pkl,374,"[142.1201784787363, 164.19829191990385]",2
spike_array_image_45.pkl,375,[87.37489362478972],1
spike_array_image_45.pkl,393,[],0
spike_array_image_45.pkl,394,[],0
spike_array_image_45.pkl,395,[],0
spike_array_image_45.pkl,398,[],0
spike_array_image_45.pkl,400,"[62.213034345621395, 177.26846091642096]",2
spike_array_image_45.pkl,401,[],0
spike_array_image_45.pkl,402,[],0
spike_array_image_45.pkl,404,[186.01727406030898],1
spike_array_image_45.pkl,405,"[42.11036585321037, 132.9036803360289]",2
spike_array_image_45.pkl,406,"[85.90611045031865, 106.03059549524528, 106.48636472217326, 135.7562604629316]",4
spike_array_image_45.pkl,426,[],0
spike_array_image_45.pkl,430,[],0
spike_array_image_45.pkl,431,"[123.71331324186009, 195.65832670770024]",2
spike_array_image_45.pkl,433,[150.89633418001424],1
spike_array_image_45.pkl,434,[135.2449074028225],1
spike_array_image_45.pkl,435,"[87.15910552342697, 99.7396091575206]",2
spike_array_image_45.pkl,437,"[13.215371912277265, 99.73877331769923]",2
spike_array_image_45.pkl,448,[],0
spike_array_image_45.pkl,449,[],0
spike_array_image_45.pkl,452,[],0
spike_array_image_45.pkl,453,[],0
spike_array_image_45.pkl,454,[],0
spike_array_image_45.pkl,457,[],0
spike_array_image_45.pkl,458,[],0
spike_array_image_45.pkl,459,[],0
spike_array_image_45.pkl,460,[],0
spike_array_image_45.pkl,461,[],0
spike_array_image_45.pkl,462,[],0
spike_array_image_45.pkl,463,[135.10628448056164],1
spike_array_image_45.pkl,464,[117.38502047446262],1
spike_array_image_45.pkl,465,[],0
spike_array_image_45.pkl,466,[],0
spike_array_image_45.pkl,467,[141.97760888158112],1
spike_array_image_45.pkl,469,[],0
spike_array_image_45.pkl,470,[],0
spike_array_image_45.pkl,471,[],0
spike_array_image_45.pkl,472,[],0
spike_array_image_45.pkl,474,[],0
spike_array_image_45.pkl,475,[],0
spike_array_image_45.pkl,476,[],0
spike_array_image_45.pkl,478,[],0
spike_array_image_45.pkl,479,[],0
spike_array_image_45.pkl,480,[],0
spike_array_image_45.pkl,482,[],0
spike_array_image_45.pkl,483,[],0
spike_array_image_45.pkl,484,[],0
spike_array_image_45.pkl,485,[],0
spike_array_image_45.pkl,486,[],0
spike_array_image_45.pkl,487,[],0
spike_array_image_45.pkl,489,[],0
spike_array_image_45.pkl,490,[],0
spike_array_image_45.pkl,491,[],0
spike_array_image_45.pkl,493,[],0
spike_array_image_45.pkl,494,"[62.959771517939785, 141.91884911876787, 164.15567025645294, 176.02945625266364]",4
spike_array_image_45.pkl,495,"[3.061816743856829, 39.85820165633254]",2
spike_array_image_45.pkl,496,[34.03017800353324],1
spike_array_image_45.pkl,497,[115.95092933080895],1
spike_array_image_45.pkl,498,[],0
spike_array_image_45.pkl,499,[],0
spike_array_image_45.pkl,500,[],0
spike_array_image_45.pkl,501,[],0
spike_array_image_45.pkl,503,[],0
spike_array_image_45.pkl,504,[],0
spike_array_image_45.pkl,505,[],0
spike_array_image_45.pkl,506,[],0
spike_array_image_45.pkl,507,[],0
spike_array_image_45.pkl,508,[],0
spike_array_image_45.pkl,509,[],0
spike_array_image_45.pkl,511,[],0
spike_array_image_45.pkl,512,[],0
spike_array_image_45.pkl,513,[],0
spike_array_image_45.pkl,514,[],0
spike_array_image_45.pkl,515,[],0
spike_array_image_45.pkl,516,[],0
spike_array_image_45.pkl,517,[],0
spike_array_image_45.pkl,518,[],0
spike_array_image_45.pkl,519,[],0
spike_array_image_45.pkl,521,[],0
spike_array_image_45.pkl,522,[],0
spike_array_image_45.pkl,523,[],0
spike_array_image_45.pkl,524,[],0
spike_array_image_45.pkl,525,[],0
spike_array_image_45.pkl,526,[76.3889207300625],1
spike_array_image_45.pkl,527,[],0
spike_array_image_45.pkl,528,[34.74005789678959],1
spike_array_image_45.pkl,529,[65.5361148121985],1
spike_array_image_45.pkl,530,[],0
spike_array_image_45.pkl,531,[],0
spike_array_image_45.pkl,532,[],0
spike_array_image_45.pkl,534,[],0
spike_array_image_45.pkl,537,[],0
spike_array_image_45.pkl,539,[],0
spike_array_image_45.pkl,540,[],0
spike_array_image_45.pkl,541,[],0
spike_array_image_45.pkl,542,[],0
spike_array_image_45.pkl,544,[],0
spike_array_image_45.pkl,545,[],0
spike_array_image_45.pkl,546,[],0
spike_array_image_45.pkl,547,[],0
spike_array_image_45.pkl,548,[],0
spike_array_image_45.pkl,549,[],0
spike_array_image_45.pkl,551,[],0
spike_array_image_45.pkl,553,[],0
spike_array_image_45.pkl,554,[],0
spike_array_image_45.pkl,555,"[117.08948862181624, 147.86043511076238, 189.16743192248964]",3
spike_array_image_45.pkl,556,"[142.2312571739052, 155.84232843040854]",2
spike_array_image_45.pkl,557,[91.72376728859818],1
spike_array_image_45.pkl,558,[177.6814901795283],1
spike_array_image_45.pkl,559,[],0
spike_array_image_45.pkl,560,[],0
spike_array_image_45.pkl,561,[135.2467874672127],1
spike_array_image_45.pkl,562,[],0
spike_array_image_45.pkl,563,[],0
spike_array_image_45.pkl,564,[],0
spike_array_image_45.pkl,565,[],0
spike_array_image_45.pkl,567,[],0
spike_array_image_45.pkl,568,[],0
spike_array_image_45.pkl,569,[],0
spike_array_image_45.pkl,570,[],0
spike_array_image_45.pkl,571,[],0
spike_array_image_45.pkl,572,[],0
spike_array_image_45.pkl,573,[],0
spike_array_image_45.pkl,574,[],0
spike_array_image_45.pkl,577,[],0
spike_array_image_45.pkl,578,[],0
spike_array_image_45.pkl,579,[],0
spike_array_image_45.pkl,580,[],0
spike_array_image_45.pkl,582,[],0
spike_array_image_45.pkl,583,[],0
spike_array_image_45.pkl,584,[],0
spike_array_image_45.pkl,585,[],0
spike_array_image_45.pkl,586,[],0
spike_array_image_45.pkl,587,[149.36512015168125],1
spike_array_image_45.pkl,588,[3.4632096401273285],1
spike_array_image_45.pkl,589,"[54.85918272664542, 131.08462335553892]",2
spike_array_image_45.pkl,590,[],0
spike_array_image_45.pkl,591,[94.79607575346351],1
spike_array_image_45.pkl,592,"[25.921187838821652, 66.56366808589785]",2
spike_array_image_45.pkl,593,[],0
spike_array_image_45.pkl,594,[],0
spike_array_image_45.pkl,595,[],0
spike_array_image_45.pkl,596,[],0
spike_array_image_45.pkl,597,[],0
spike_array_image_45.pkl,598,[],0
spike_array_image_45.pkl,600,[],0
spike_array_image_45.pkl,601,[],0
spike_array_image_45.pkl,602,[],0
spike_array_image_45.pkl,603,[],0
spike_array_image_45.pkl,604,[],0
spike_array_image_45.pkl,605,[],0
spike_array_image_45.pkl,606,[],0
spike_array_image_45.pkl,607,[],0
spike_array_image_45.pkl,617,"[108.68229518137518, 116.48401736743553, 189.440552989679]",3
spike_array_image_45.pkl,619,[25.835376272688887],1
spike_array_image_45.pkl,620,[39.56833696221522],1
spike_array_image_45.pkl,622,[165.72339061611396],1
spike_array_image_45.pkl,623,[],0
spike_array_image_45.pkl,625,[],0
spike_array_image_45.pkl,626,[],0
spike_array_image_45.pkl,627,[],0
spike_array_image_45.pkl,628,[],0
spike_array_image_45.pkl,630,[],0
spike_array_image_45.pkl,651,[101.73463641564696],1
spike_array_image_45.pkl,652,"[49.89682361385927, 117.05598075647784]",2
spike_array_image_45.pkl,654,[],0
spike_array_image_45.pkl,655,[],0
spike_array_image_45.pkl,657,[],0
spike_array_image_45.pkl,658,[],0
spike_array_image_45.pkl,662,[],0
spike_array_image_45.pkl,663,[],0
spike_array_image_45.pkl,679,"[10.45074675212577, 20.714516538546288]",2
spike_array_image_45.pkl,680,[149.89086482841452],1
spike_array_image_45.pkl,681,[164.31400549177812],1
spike_array_image_45.pkl,682,[35.14394678538901],1
spike_array_image_45.pkl,687,[],0
spike_array_image_45.pkl,688,[],0
spike_array_image_45.pkl,689,[],0
spike_array_image_45.pkl,690,[],0
spike_array_image_45.pkl,691,[],0
spike_array_image_45.pkl,692,[],0
spike_array_image_45.pkl,694,[],0
spike_array_image_45.pkl,695,[],0
spike_array_image_45.pkl,711,[3.43893836523514],1
spike_array_image_45.pkl,712,"[56.96427228217217, 73.64668501348865, 197.02433400814374]",3
spike_array_image_45.pkl,713,"[124.96960384542476, 186.1390899810656]",2
spike_array_image_45.pkl,718,[],0
spike_array_image_45.pkl,719,[],0
spike_array_image_45.pkl,720,[],0
spike_array_image_45.pkl,721,[],0
spike_array_image_45.pkl,722,[],0
spike_array_image_45.pkl,723,[],0
spike_array_image_45.pkl,724,[],0
spike_array_image_45.pkl,726,[],0
spike_array_image_45.pkl,727,[],0
spike_array_image_45.pkl,728,[],0
spike_array_image_45.pkl,741,[25.53436779429955],1
spike_array_image_45.pkl,742,[119.65387613393428],1
spike_array_image_45.pkl,743,[42.097380750746666],1
spike_array_image_45.pkl,745,[78.00164711606642],1
spike_array_image_45.pkl,746,"[142.55429076847275, 168.01388014941014]",2
spike_array_image_45.pkl,750,[],0
spike_array_image_45.pkl,753,[],0
spike_array_image_45.pkl,754,[],0
spike_array_image_45.pkl,756,[],0
spike_array_image_45.pkl,757,[],0
spike_array_image_45.pkl,760,[],0
spike_array_image_45.pkl,761,[],0
spike_array_image_45.pkl,762,[],0
spike_array_image_45.pkl,772,"[95.0050900022717, 173.330622455079]",2
spike_array_image_45.pkl,774,[164.4846798124969],1
spike_array_image_45.pkl,775,"[27.620520339991252, 128.5066821430136, 165.8873180437394]",3
spike_array_image_45.pkl,782,[],0
spike_array_image_45.pkl,783,[],0
spike_array_image_45.pkl,784,[],0
spike_array_image_45.pkl,785,[],0
spike_array_image_45.pkl,786,[],0
spike_array_image_45.pkl,792,[],0
spike_array_image_45.pkl,795,[],0
spike_array_image_45.pkl,803,"[126.976837609935, 183.78420191441904]",2
spike_array_image_45.pkl,804,[162.87407931305106],1
spike_array_image_45.pkl,805,[160.7849377952237],1
spike_array_image_45.pkl,808,"[82.61300940709789, 188.33934275688378]",2
spike_array_image_45.pkl,814,[],0
spike_array_image_45.pkl,815,[],0
spike_array_image_45.pkl,817,[],0
spike_array_image_45.pkl,818,[],0
spike_array_image_45.pkl,824,[],0
spike_array_image_45.pkl,825,[],0
spike_array_image_45.pkl,827,[],0
spike_array_image_45.pkl,828,[],0
spike_array_image_45.pkl,834,"[53.586851720504484, 74.49827464482695]",2
spike_array_image_45.pkl,838,[116.48113999515319],1
spike_array_image_45.pkl,839,"[144.4883022091397, 198.7344618019229]",2
spike_array_image_45.pkl,840,"[34.23697405736524, 185.17112968715838]",2
spike_array_image_45.pkl,847,[],0
spike_array_image_45.pkl,848,[],0
spike_array_image_45.pkl,850,[],0
spike_array_image_45.pkl,855,[],0
spike_array_image_45.pkl,857,[],0
spike_array_image_45.pkl,860,[],0
spike_array_image_45.pkl,861,[],0
spike_array_image_45.pkl,865,"[83.15549666266098, 182.03055993308737]",2
spike_array_image_45.pkl,867,[16.736101337970016],1
spike_array_image_45.pkl,871,[48.30005451239864],1
spike_array_image_45.pkl,878,[],0
spike_array_image_45.pkl,881,[],0
spike_array_image_45.pkl,882,[],0
spike_array_image_45.pkl,888,[],0
spike_array_image_45.pkl,890,[],0
spike_array_image_45.pkl,891,[],0
spike_array_image_45.pkl,892,[],0
spike_array_image_45.pkl,893,[],0
spike_array_image_45.pkl,897,"[43.13770147319051, 169.04649730707197, 179.62129672593537]",3
spike_array_image_45.pkl,899,[33.118583148231295],1
spike_array_image_45.pkl,902,[91.71590617404603],1
spike_array_image_45.pkl,910,[],0
spike_array_image_45.pkl,911,[],0
spike_array_image_45.pkl,913,[],0
spike_array_image_45.pkl,926,[],0
spike_array_image_45.pkl,927,[],0
spike_array_image_45.pkl,929,[21.683354729736656],1
spike_array_image_45.pkl,931,"[79.55805198660143, 175.7595042532923]",2
spike_array_image_45.pkl,933,[128.64550316612565],1
spike_array_image_45.pkl,942,[],0
spike_array_image_45.pkl,943,[],0
spike_array_image_45.pkl,944,[],0
spike_array_image_45.pkl,945,[],0
spike_array_image_45.pkl,946,[],0
spike_array_image_45.pkl,954,[],0
spike_array_image_45.pkl,955,[],0
spike_array_image_45.pkl,956,[],0
spike_array_image_45.pkl,957,[],0
spike_array_image_45.pkl,959,[],0
spike_array_image_45.pkl,962,"[141.13354187245312, 161.4741870108047]",2
spike_array_image_45.pkl,964,[157.29365062792027],1
spike_array_image_45.pkl,976,[],0
spike_array_image_45.pkl,977,[],0
spike_array_image_45.pkl,978,[],0
spike_array_image_45.pkl,987,[],0
spike_array_image_45.pkl,989,[],0
spike_array_image_45.pkl,990,[],0
spike_array_image_45.pkl,991,[],0
spike_array_image_45.pkl,992,[145.88268588488475],1
spike_array_image_45.pkl,993,"[20.830871751743977, 25.615966633097784, 54.21566350134352, 93.31087412821766, 140.48530833557757]",5
spike_array_image_45.pkl,994,[61.696507329270716],1
spike_array_image_45.pkl,1006,[],0
spike_array_image_45.pkl,1007,[],0
spike_array_image_45.pkl,1008,[],0
spike_array_image_45.pkl,1009,[],0
spike_array_image_45.pkl,1010,[],0
spike_array_image_45.pkl,1020,[],0
spike_array_image_45.pkl,1022,[],0
spike_array_vertical_line.pkl,1,[],0
spike_array_vertical_line.pkl,3,[],0
spike_array_vertical_line.pkl,14,[179.20019498956538],1
spike_array_vertical_line.pkl,15,"[128.64862086505516, 154.31776601922678]",2
spike_array_vertical_line.pkl,17,[102.977331467681],1
spike_array_vertical_line.pkl,18,"[39.99079044314649, 125.48089452840821]",2
spike_array_vertical_line.pkl,29,[],0
spike_array_vertical_line.pkl,30,[],0
spike_array_vertical_line.pkl,34,[],0
spike_array_vertical_line.pkl,35,[],0
spike_array_vertical_line.pkl,46,[50.46363113804306],1
spike_array_vertical_line.pkl,47,[86.98886919488541],1
spike_array_vertical_line.pkl,48,"[33.751533899454046, 130.6746106787724]",2
spike_array_vertical_line.pkl,49,[42.03113763847157],1
spike_array_vertical_line.pkl,61,[],0
spike_array_vertical_line.pkl,68,[],0
spike_array_vertical_line.pkl,78,[65.70186407599684],1
spike_array_vertical_line.pkl,79,[159.2339278262769],1
spike_array_vertical_line.pkl,80,"[63.30077155501964, 64.12444567934547]",2
spike_array_vertical_line.pkl,81,[73.76183324364473],1
spike_array_vertical_line.pkl,82,"[62.24317399705459, 133.61137760574132]",2
spike_array_vertical_line.pkl,92,[],0
spike_array_vertical_line.pkl,95,[],0
spike_array_vertical_line.pkl,96,[],0
spike_array_vertical_line.pkl,97,[],0
spike_array_vertical_line.pkl,99,[],0
spike_array_vertical_line.pkl,100,[],0
spike_array_vertical_line.pkl,102,[],0
spike_array_vertical_line.pkl,110,"[76.65946614985896, 107.48193141858623]",2
spike_array_vertical_line.pkl,111,"[50.99299085683577, 157.03813760478553]",2
spike_array_vertical_line.pkl,113,"[27.565109712028594, 94.37747375771957]",2
spike_array_vertical_line.pkl,114,"[95.57048392712008, 96.36638623076209]",2
spike_array_vertical_line.pkl,121,[],0
spike_array_vertical_line.pkl,122,[],0
spike_array_vertical_line.pkl,124,[],0
spike_array_vertical_line.pkl,129,[],0
spike_array_vertical_line.pkl,131,[],0
spike_array_vertical_line.pkl,133,[],0
spike_array_vertical_line.pkl,134,[],0
spike_array_vertical_line.pkl,135,[],0
spike_array_vertical_line.pkl,152,[],0
spike_array_vertical_line.pkl,153,[],0
spike_array_vertical_line.pkl,157,[],0
spike_array_vertical_line.pkl,158,[],0
spike_array_vertical_line.pkl,162,[],0
spike_array_vertical_line.pkl,164,[],0
spike_array_vertical_line.pkl,165,[],0
spike_array_vertical_line.pkl,167,[],0
spike_array_vertical_line.pkl,168,[],0
spike_array_vertical_line.pkl,175,"[72.8900774361651, 83.6128513592215, 149.90185798158853]",3
spike_array_vertical_line.pkl,176,[141.01554282965512],1
spike_array_vertical_line.pkl,178,"[86.15648959753459, 163.87725688344767, 172.79441440597282]",3
spike_array_vertical_line.pkl,184,[],0
spike_array_vertical_line.pkl,186,[],0
spike_array_vertical_line.pkl,187,[],0
spike_array_vertical_line.pkl,188,[],0
spike_array_vertical_line.pkl,196,[],0
spike_array_vertical_line.pkl,197,[],0
spike_array_vertical_line.pkl,198,[],0
spike_array_vertical_line.pkl,206,[23.853119382773816],1
spike_array_vertical_line.pkl,207,[112.74721408546529],1
spike_array_vertical_line.pkl,208,"[100.06987308573821, 102.6244038284115]",2
spike_array_vertical_line.pkl,210,"[57.830091911222496, 132.523490723655]",2
spike_array_vertical_line.pkl,216,[],0
spike_array_vertical_line.pkl,219,[],0
spike_array_vertical_line.pkl,230,[],0
spike_array_vertical_line.pkl,233,[],0
spike_array_vertical_line.pkl,239,[57.579933400770564],1
spike_array_vertical_line.pkl,240,"[73.1787747361518, 86.98362519670931, 190.3870306628761]",3
spike_array_vertical_line.pkl,241,[15.528477949980573],1
spike_array_vertical_line.pkl,242,"[86.90835262266096, 86.93872740841567]",2
spike_array_vertical_line.pkl,245,[],0
spike_array_vertical_line.pkl,246,[],0
spike_array_vertical_line.pkl,247,[],0
spike_array_vertical_line.pkl,248,[],0
spike_array_vertical_line.pkl,249,[],0
spike_array_vertical_line.pkl,250,[],0
spike_array_vertical_line.pkl,261,[],0
spike_array_vertical_line.pkl,262,[],0
spike_array_vertical_line.pkl,263,[],0
spike_array_vertical_line.pkl,266,[],0
spike_array_vertical_line.pkl,267,[],0
spike_array_vertical_line.pkl,270,"[11.755980354840297, 116.67143411609595]",2
spike_array_vertical_line.pkl,271,[174.7468822892562],1
spike_array_vertical_line.pkl,272,[115.01270864262929],1
spike_array_vertical_line.pkl,273,[99.69772099325385],1
spike_array_vertical_line.pkl,274,"[152.7837970159169, 191.90382246168338]",2
spike_array_vertical_line.pkl,277,[],0
spike_array_vertical_line.pkl,280,[],0
spike_array_vertical_line.pkl,281,[],0
spike_array_vertical_line.pkl,282,[],0
spike_array_vertical_line.pkl,295,[],0
spike_array_vertical_line.pkl,296,[],0
spike_array_vertical_line.pkl,299,[],0
spike_array_vertical_line.pkl,300,[],0
spike_array_vertical_line.pkl,302,"[53.211959425769905, 73.63793290655897, 115.25444219805419]",3
spike_array_vertical_line.pkl,303,[0.5626345937841163],1
spike_array_vertical_line.pkl,304,"[61.4465184255959, 74.39349862717651]",2
spike_array_vertical_line.pkl,305,[115.8528801125931],1
spike_array_vertical_line.pkl,306,[83.34321110856311],1
spike_array_vertical_line.pkl,309,[],0
spike_array_vertical_line.pkl,311,[],0
spike_array_vertical_line.pkl,312,[],0
spike_array_vertical_line.pkl,328,[],0
spike_array_vertical_line.pkl,329,[],0
spike_array_vertical_line.pkl,330,[],0
spike_array_vertical_line.pkl,333,[],0
spike_array_vertical_line.pkl,334,"[1.24708388613061, 17.383370922240395, 176.69649149720286]",3
spike_array_vertical_line.pkl,336,[166.82989413987036],1
spike_array_vertical_line.pkl,337,"[28.119878603724455, 120.01649288088024, 163.8796778456415]",3
spike_array_vertical_line.pkl,338,"[48.84668266217473, 65.82027752073719]",2
spike_array_vertical_line.pkl,339,[],0
spike_array_vertical_line.pkl,341,[],0
spike_array_vertical_line.pkl,342,[],0
spike_array_vertical_line.pkl,343,[],0
spike_array_vertical_line.pkl,344,[],0
spike_array_vertical_line.pkl,362,[],0
spike_array_vertical_line.pkl,364,[],0
spike_array_vertical_line.pkl,365,[],0
spike_array_vertical_line.pkl,366,[30.420505023665264],1
spike_array_vertical_line.pkl,369,"[17.115684549042193, 41.1119548957664]",2
spike_array_vertical_line.pkl,372,[],0
spike_array_vertical_line.pkl,373,[],0
spike_array_vertical_line.pkl,374,[],0
spike_array_vertical_line.pkl,375,[],0
spike_array_vertical_line.pkl,393,[],0
spike_array_vertical_line.pkl,394,[],0
spike_array_vertical_line.pkl,395,[],0
spike_array_vertical_line.pkl,398,[119.22659440798627],1
spike_array_vertical_line.pkl,400,[7.5750915379522645],1
spike_array_vertical_line.pkl,401,"[1.7481061997992153, 8.13614748150259, 124.99955413671094]",3
spike_array_vertical_line.pkl,402,"[95.88200110673517, 115.56734917553194, 141.5959604942622]",3
spike_array_vertical_line.pkl,404,[],0
spike_array_vertical_line.pkl,405,[],0
spike_array_vertical_line.pkl,406,[],0
spike_array_vertical_line.pkl,426,[],0
spike_array_vertical_line.pkl,430,"[9.236744595011425, 133.02497544342614]",2
spike_array_vertical_line.pkl,431,[19.048650422543357],1
spike_array_vertical_line.pkl,433,"[40.50898468562495, 66.62603350275546]",2
spike_array_vertical_line.pkl,434,"[5.825934883677973, 70.18354626569858, 165.11434690926694, 165.72628512757439]",4
spike_array_vertical_line.pkl,435,[],0
spike_array_vertical_line.pkl,437,[],0
spike_array_vertical_line.pkl,448,[],0
spike_array_vertical_line.pkl,449,[],0
spike_array_vertical_line.pkl,452,[],0
spike_array_vertical_line.pkl,453,[],0
spike_array_vertical_line.pkl,454,[],0
spike_array_vertical_line.pkl,457,[],0
spike_array_vertical_line.pkl,458,[],0
spike_array_vertical_line.pkl,459,[],0
spike_array_vertical_line.pkl,460,[],0
spike_array_vertical_line.pkl,461,[],0
spike_array_vertical_line.pkl,462,[15.453666841180166],1
spike_array_vertical_line.pkl,463,[],0
spike_array_vertical_line.pkl,464,[134.7290405159184],1
spike_array_vertical_line.pkl,465,[81.91011549720454],1
spike_array_vertical_line.pkl,466,[],0
spike_array_vertical_line.pkl,467,[],0
spike_array_vertical_line.pkl,469,[],0
spike_array_vertical_line.pkl,470,[],0
spike_array_vertical_line.pkl,471,[],0
spike_array_vertical_line.pkl,472,[],0
spike_array_vertical_line.pkl,474,[],0
spike_array_vertical_line.pkl,475,[],0
spike_array_vertical_line.pkl,476,[],0
spike_array_vertical_line.pkl,478,[],0
spike_array_vertical_line.pkl,479,[],0
spike_array_vertical_line.pkl,480,[],0
spike_array_vertical_line.pkl,482,[],0
spike_array_vertical_line.pkl,483,[],0
spike_array_vertical_line.pkl,484,[],0
spike_array_vertical_line.pkl,485,[],0
spike_array_vertical_line.pkl,486,[],0
spike_array_vertical_line.pkl,487,[],0
spike_array_vertical_line.pkl,489,[],0
spike_array_vertical_line.pkl,490,[],0
spike_array_vertical_line.pkl,491,[],0
spike_array_vertical_line.pkl,493,[],0
spike_array_vertical_line.pkl,494,"[86.4149170071905, 103.60427619463647]",2
spike_array_vertical_line.pkl,495,"[1.0623443969882767, 90.89600066214656, 93.97384614983453, 103.10340183470612]",4
spike_array_vertical_line.pkl,496,"[25.455594313145188, 114.55019623819211, 142.25282460719419, 156.72343670574207]",4
spike_array_vertical_line.pkl,497,"[95.7868383021045, 189.27877035259854]",2
spike_array_vertical_line.pkl,498,"[54.7087388234146, 131.0660683921381]",2
spike_array_vertical_line.pkl,499,[],0
spike_array_vertical_line.pkl,500,[],0
spike_array_vertical_line.pkl,501,[],0
spike_array_vertical_line.pkl,503,[],0
spike_array_vertical_line.pkl,504,[],0
spike_array_vertical_line.pkl,505,[],0
spike_array_vertical_line.pkl,506,[],0
spike_array_vertical_line.pkl,507,[],0
spike_array_vertical_line.pkl,508,[],0
spike_array_vertical_line.pkl,509,[],0
spike_array_vertical_line.pkl,511,[],0
spike_array_vertical_line.pkl,512,[],0
spike_array_vertical_line.pkl,513,[],0
spike_array_vertical_line.pkl,514,[],0
spike_array_vertical_line.pkl,515,[],0
spike_array_vertical_line.pkl,516,[],0
spike_array_vertical_line.pkl,517,[],0
spike_array_vertical_line.pkl,518,[],0
spike_array_vertical_line.pkl,519,[],0
spike_array_vertical_line.pkl,521,[],0
spike_array_vertical_line.pkl,522,[],0
spike_array_vertical_line.pkl,523,[],0
spike_array_vertical_line.pkl,524,[],0
spike_array_vertical_line.pkl,525,[],0
spike_array_vertical_line.pkl,526,[53.57913339437717],1
spike_array_vertical_line.pkl,527,[143.88234253647067],1
spike_array_vertical_line.pkl,528,"[23.742303528433148, 27.703514079687835, 164.5888321469392, 192.06384292217152]",4
spike_array_vertical_line.pkl,529,"[30.22024812225467, 142.65365944332726, 159.8582264618708, 175.47164368493216]",4
spike_array_vertical_line.pkl,530,"[28.44926085152842, 195.71643889989372]",2
spike_array_vertical_line.pkl,531,[],0
spike_array_vertical_line.pkl,532,[],0
spike_array_vertical_line.pkl,534,[],0
spike_array_vertical_line.pkl,537,[],0
spike_array_vertical_line.pkl,539,[],0
spike_array_vertical_line.pkl,540,[],0
spike_array_vertical_line.pkl,541,[],0
spike_array_vertical_line.pkl,542,[],0
spike_array_vertical_line.pkl,544,[],0
spike_array_vertical_line.pkl,545,[],0
spike_array_vertical_line.pkl,546,[],0
spike_array_vertical_line.pkl,547,[],0
spike_array_vertical_line.pkl,548,[],0
spike_array_vertical_line.pkl,549,[],0
spike_array_vertical_line.pkl,551,[],0
spike_array_vertical_line.pkl,553,[],0
spike_array_vertical_line.pkl,554,[],0
spike_array_vertical_line.pkl,555,[],0
spike_array_vertical_line.pkl,556,[],0
spike_array_vertical_line.pkl,557,[],0
spike_array_vertical_line.pkl,558,[193.5190263119769],1
spike_array_vertical_line.pkl,559,"[163.8537015318963, 184.52060909684852]",2
spike_array_vertical_line.pkl,560,"[79.49632939936085, 82.1736866463269, 196.86882949944385]",3
spike_array_vertical_line.pkl,561,"[10.939253195997043, 145.56512993754058]",2
spike_array_vertical_line.pkl,562,[167.3945130209762],1
spike_array_vertical_line.pkl,563,[],0
spike_array_vertical_line.pkl,564,[],0
spike_array_vertical_line.pkl,565,[],0
spike_array_vertical_line.pkl,567,[],0
spike_array_vertical_line.pkl,568,[],0
spike_array_vertical_line.pkl,569,[],0
spike_array_vertical_line.pkl,570,[],0
spike_array_vertical_line.pkl,571,[],0
spike_array_vertical_line.pkl,572,[],0
spike_array_vertical_line.pkl,573,[],0
spike_array_vertical_line.pkl,574,[],0
spike_array_vertical_line.pkl,577,[],0
spike_array_vertical_line.pkl,578,[],0
spike_array_vertical_line.pkl,579,[],0
spike_array_vertical_line.pkl,580,[],0
spike_array_vertical_line.pkl,582,[],0
spike_array_vertical_line.pkl,583,[],0
spike_array_vertical_line.pkl,584,[],0
spike_array_vertical_line.pkl,585,[],0
spike_array_vertical_line.pkl,586,[],0
spike_array_vertical_line.pkl,587,[],0
spike_array_vertical_line.pkl,588,[],0
spike_array_vertical_line.pkl,589,[],0
spike_array_vertical_line.pkl,590,[140.82352908680022],1
spike_array_vertical_line.pkl,591,"[152.53280484743422, 175.46561471819393]",2
spike_array_vertical_line.pkl,592,[],0
spike_array_vertical_line.pkl,593,[],0
spike_array_vertical_line.pkl,594,[],0
spike_array_vertical_line.pkl,595,[],0
spike_array_vertical_line.pkl,596,[],0
spike_array_vertical_line.pkl,597,[],0
spike_array_vertical_line.pkl,598,[],0
spike_array_vertical_line.pkl,600,[],0
spike_array_vertical_line.pkl,601,[],0
spike_array_vertical_line.pkl,602,[],0
spike_array_vertical_line.pkl,603,[],0
spike_array_vertical_line.pkl,604,[],0
spike_array_vertical_line.pkl,605,[],0
spike_array_vertical_line.pkl,606,[],0
spike_array_vertical_line.pkl,607,[],0
spike_array_vertical_line.pkl,617,[],0
spike_array_vertical_line.pkl,619,[],0
spike_array_vertical_line.pkl,620,[],0
spike_array_vertical_line.pkl,622,[195.2619683222541],1
spike_array_vertical_line.pkl,623,"[44.1080311945729, 55.72240193106693, 159.74363701068663]",3
spike_array_vertical_line.pkl,625,"[76.07455904710304, 150.63851812690655]",2
spike_array_vertical_line.pkl,626,"[97.68743653731843, 143.30229443784506]",2
spike_array_vertical_line.pkl,627,[],0
spike_array_vertical_line.pkl,628,[],0
spike_array_vertical_line.pkl,630,[],0
spike_array_vertical_line.pkl,651,[],0
spike_array_vertical_line.pkl,652,[],0
spike_array_vertical_line.pkl,654,"[102.26058865441289, 160.57501785543138, 183.2630612066201]",3
spike_array_vertical_line.pkl,655,"[12.829359301866706, 103.4431909240646]",2
spike_array_vertical_line.pkl,657,[151.06877930220242],1
spike_array_vertical_line.pkl,658,[198.20163444385688],1
spike_array_vertical_line.pkl,662,[],0
spike_array_vertical_line.pkl,663,[],0
spike_array_vertical_line.pkl,679,[],0
spike_array_vertical_line.pkl,680,[],0
spike_array_vertical_line.pkl,681,[],0
spike_array_vertical_line.pkl,682,[],0
spike_array_vertical_line.pkl,687,"[83.36237264985452, 89.41297337968928, 194.71310083762742]",3
spike_array_vertical_line.pkl,688,"[127.55968724229453, 147.19947303751758]",2
spike_array_vertical_line.pkl,689,[36.26950591530586],1
spike_array_vertical_line.pkl,690,[],0
spike_array_vertical_line.pkl,691,[],0
spike_array_vertical_line.pkl,692,[],0
spike_array_vertical_line.pkl,694,[],0
spike_array_vertical_line.pkl,695,[],0
spike_array_vertical_line.pkl,711,[],0
spike_array_vertical_line.pkl,712,[],0
spike_array_vertical_line.pkl,713,[],0
spike_array_vertical_line.pkl,718,"[73.79162457138747, 153.76659650591756, 185.73904295297692, 199.15244901925735]",4
spike_array_vertical_line.pkl,719,[80.03712437499428],1
spike_array_vertical_line.pkl,720,"[17.703269043566202, 47.807593232405864, 65.4888943912837, 93.1719819622534]",4
spike_array_vertical_line.pkl,721,"[75.03630817204639, 81.39184324356306, 102.48443234821073, 155.16122259563804, 164.66609563529317, 176.054403273496]",6
spike_array_vertical_line.pkl,722,[63.89037290017023],1
spike_array_vertical_line.pkl,723,[],0
spike_array_vertical_line.pkl,724,[],0
spike_array_vertical_line.pkl,726,[],0
spike_array_vertical_line.pkl,727,[],0
spike_array_vertical_line.pkl,728,[],0
spike_array_vertical_line.pkl,741,[],0
spike_array_vertical_line.pkl,742,[],0
spike_array_vertical_line.pkl,743,[],0
spike_array_vertical_line.pkl,745,[],0
spike_array_vertical_line.pkl,746,[],0
spike_array_vertical_line.pkl,750,"[34.87705394144871, 47.824725802584915, 111.24888510459799]",3
spike_array_vertical_line.pkl,753,[44.21614029168397],1
spike_array_vertical_line.pkl,754,"[135.13287525010716, 194.63390689543104]",2
spike_array_vertical_line.pkl,756,[],0
spike_array_vertical_line.pkl,757,[],0
spike_array_vertical_line.pkl,760,[],0
spike_array_vertical_line.pkl,761,[],0
spike_array_vertical_line.pkl,762,[],0
spike_array_vertical_line.pkl,772,[],0
spike_array_vertical_line.pkl,774,[],0
spike_array_vertical_line.pkl,775,[],0
spike_array_vertical_line.pkl,782,[32.05086807172359],1
spike_array_vertical_line.pkl,783,[29.006937559146294],1
spike_array_vertical_line.pkl,784,"[50.70026332995548, 76.88045128579341]",2
spike_array_vertical_line.pkl,785,"[86.96643829583124, 159.36475894110987]",2
spike_array_vertical_line.pkl,786,"[51.29216270151465, 181.67465041184062]",2
spike_array_vertical_line.pkl,792,[],0
spike_array_vertical_line.pkl,795,[],0
spike_array_vertical_line.pkl,803,[],0
spike_array_vertical_line.pkl,804,[],0
spike_array_vertical_line.pkl,805,[],0
spike_array_vertical_line.pkl,808,[],0
spike_array_vertical_line.pkl,814,"[6.84693511385559, 92.7519981524806]",2
spike_array_vertical_line.pkl,815,[169.46477775987475],1
spike_array_vertical_line.pkl,817,[101.16286024674686],1
spike_array_vertical_line.pkl,818,"[96.75114662785684, 113.07841474796624, 122.95930341405231, 148.08703895629756]",4
spike_array_vertical_line.pkl,824,[],0
spike_array_vertical_line.pkl,825,[],0
spike_array_vertical_line.pkl,827,[],0
spike_array_vertical_line.pkl,828,[],0
spike_array_vertical_line.pkl,834,[],0
spike_array_vertical_line.pkl,838,[],0
spike_array_vertical_line.pkl,839,[],0
spike_array_vertical_line.pkl,840,[],0
spike_array_vertical_line.pkl,847,[18.3770682478069],1
spike_array_vertical_line.pkl,848,[90.32791862457205],1
spike_array_vertical_line.pkl,850,[134.80098377886483],1
spike_array_vertical_line.pkl,855,[],0
spike_array_vertical_line.pkl,857,[],0
spike_array_vertical_line.pkl,860,[],0
spike_array_vertical_line.pkl,861,[],0
spike_array_vertical_line.pkl,865,[],0
spike_array_vertical_line.pkl,867,[],0
spike_array_vertical_line.pkl,871,[],0
spike_array_vertical_line.pkl,878,"[7.454280203483632, 52.66463735233375]",2
spike_array_vertical_line.pkl,881,"[89.71895852571245, 194.18595718973077]",2
spike_array_vertical_line.pkl,882,"[64.7217588503287, 84.74093008499204]",2
spike_array_vertical_line.pkl,888,[],0
spike_array_vertical_line.pkl,890,[],0
spike_array_vertical_line.pkl,891,[],0
spike_array_vertical_line.pkl,892,[],0
spike_array_vertical_line.pkl,893,[],0
spike_array_vertical_line.pkl,897,[],0
spike_array_vertical_line.pkl,899,[],0
spike_array_vertical_line.pkl,902,[],0
spike_array_vertical_line.pkl,910,"[71.82152363341154, 86.8562965621057]",2
spike_array_vertical_line.pkl,911,[176.87458610033755],1
spike_array_vertical_line.pkl,913,"[5.292197296208557, 79.17813477548599]",2
spike_array_vertical_line.pkl,926,[],0
spike_array_vertical_line.pkl,927,[],0
spike_array_vertical_line.pkl,929,[],0
spike_array_vertical_line.pkl,931,[],0
spike_array_vertical_line.pkl,933,[],0
spike_array_vertical_line.pkl,942,[34.42375804138163],1
spike_array_vertical_line.pkl,943,"[132.0527562034627, 157.35910205826056]",2
spike_array_vertical_line.pkl,944,"[68.2098337638584, 93.68915486530932]",2
spike_array_vertical_line.pkl,945,[172.73158877475856],1
spike_array_vertical_line.pkl,946,[46.094426218790005],1
spike_array_vertical_line.pkl,954,[],0
spike_array_vertical_line.pkl,955,[],0
spike_array_vertical_line.pkl,956,[],0
spike_array_vertical_line.pkl,957,[],0
spike_array_vertical_line.pkl,959,[],0
spike_array_vertical_line.pkl,962,[],0
spike_array_vertical_line.pkl,964,[],0
spike_array_vertical_line.pkl,976,"[78.55507663268372, 157.55953196807855]",2
spike_array_vertical_line.pkl,977,[105.01792032654754],1
spike_array_vertical_line.pkl,978,"[69.49830787301546, 151.15528112642434]",2
spike_array_vertical_line.pkl,987,[],0
spike_array_vertical_line.pkl,989,[],0
spike_array_vertical_line.pkl,990,[],0
spike_array_vertical_line.pkl,991,[],0
spike_array_vertical_line.pkl,992,[],0
spike_array_vertical_line.pkl,993,[],0
spike_array_vertical_line.pkl,994,[],0
spike_array_vertical_line.pkl,1006,[1.9895929589766457],1
spike_array_vertical_line.pkl,1007,[165.55654531840307],1
spike_array_vertical_line.pkl,1008,"[40.693448179165685, 88.32067124218241]",2
spike_array_vertical_line.pkl,1009,[154.0445800747314],1
spike_array_vertical_line.pkl,1010,[85.88525216835447],1
spike_array_vertical_line.pkl,1020,[],0
spike_array_vertical_line.pkl,1022,[],0
